Data;Ora;ARIMA;UCM;ML
2020-09-01;1;2515111;2409379;2511910
2020-09-01;2;2281798;2082820;2411222
2020-09-01;3;2182043;1937450;2436195
2020-09-01;4;2138435;1913586;2507750
2020-09-01;5;2143393;1973925;2746187
2020-09-01;6;2215580;2123299;3013541
2020-09-01;7;2383132;2409271;3302885
2020-09-01;8;2734291;2857636;3627767
2020-09-01;9;3333575;3503717;3807085
2020-09-01;10;3492622;3789220;3822001
2020-09-01;11;3480613;3894003;3790266
2020-09-01;12;3466993;4001843;3770468
2020-09-01;13;3370221;3941136;3728961
2020-09-01;14;3318505;3860449;3781285
2020-09-01;15;3448627;3946285;3861362
2020-09-01;16;3578766;3994260;4122761
2020-09-01;17;3796729;4123453;4329281
2020-09-01;18;4000546;4287326;4576097
2020-09-01;19;4318156;4535742;4674668
2020-09-01;20;4355118;4652160;4569926
2020-09-01;21;4498133;4753372;4385418
2020-09-01;22;4286067;4328162;3954884
2020-09-01;23;3834175;3815891;3504432
2020-09-01;24;3316064;3252994;3069430
2020-09-02;1;2868800;2708792;2777461
2020-09-02;2;2581938;2356868;2680238
2020-09-02;3;2431586;2183196;2644829
2020-09-02;4;2354271;2129388;2771823
2020-09-02;5;2334206;2159321;2975165
2020-09-02;6;2392153;2278870;3193382
2020-09-02;7;2569230;2536506;3468313
2020-09-02;8;2917131;2958785;3764549
2020-09-02;9;3513709;3581668;3921888
2020-09-02;10;3654933;3847378;3955042
2020-09-02;11;3637938;3936185;3987329
2020-09-02;12;3638414;4032180;3908616
2020-09-02;13;3510114;3963974;3932905
2020-09-02;14;3506425;3880250;3972166
2020-09-02;15;3662931;3967520;4066179
2020-09-02;16;3765388;4021286;4264954
2020-09-02;17;3958064;4160376;4523349
2020-09-02;18;4166899;4337861;4825270
2020-09-02;19;4468143;4603061;4913096
2020-09-02;20;4535957;4738746;4797938
2020-09-02;21;4694706;4860884;4611816
2020-09-02;22;4433659;4457330;4177465
2020-09-02;23;3972882;3966446;3713217
2020-09-02;24;3447435;3423647;3281596
2020-09-03;1;2970729;2897268;3031190
2020-09-03;2;2666627;2559997;2890823
2020-09-03;3;2511080;2397072;2869051
2020-09-03;4;2423295;2349571;2952974
2020-09-03;5;2390398;2381086;3109295
2020-09-03;6;2440200;2497489;3357719
2020-09-03;7;2608210;2747531;3662538
2020-09-03;8;2962610;3158327;3928512
2020-09-03;9;3592985;3766642;4073251
2020-09-03;10;3772033;4015697;4090281
2020-09-03;11;3758391;4086889;4108534
2020-09-03;12;3789349;4165480;4024406
2020-09-03;13;3698706;4081224;4024768
2020-09-03;14;3668322;3983821;4066320
2020-09-03;15;3799077;4060604;4168665
2020-09-03;16;3910718;4107640;4347924
2020-09-03;17;4117559;4244018;4644386
2020-09-03;18;4310415;4422745;4842659
2020-09-03;19;4604000;4692761;4988334
2020-09-03;20;4639236;4836169;4928174
2020-09-03;21;4799707;4968034;4656341
2020-09-03;22;4550479;4575148;4241271
2020-09-03;23;4085927;4094735;3769271
2020-09-03;24;3549316;3561094;3364231
2020-09-04;1;3062876;3041552;3083220
2020-09-04;2;2750157;2707986;2943136
2020-09-04;3;2584229;2545085;2935057
2020-09-04;4;2488943;2493686;2971122
2020-09-04;5;2449895;2517466;3155159
2020-09-04;6;2492893;2622701;3414465
2020-09-04;7;2658374;2858829;3738420
2020-09-04;8;3008405;3253869;3984906
2020-09-04;9;3653128;3845630;4131150
2020-09-04;10;3847718;4078418;4156255
2020-09-04;11;3872163;4134652;4138752
2020-09-04;12;3945898;4200462;4121856
2020-09-04;13;3878292;4106215;4110871
2020-09-04;14;3843468;4001914;4135503
2020-09-04;15;3956590;4074832;4190748
2020-09-04;16;4059751;4120601;4432994
2020-09-04;17;4235632;4257524;4633807
2020-09-04;18;4406551;4437508;4886674
2020-09-04;19;4639547;4708167;5026459
2020-09-04;20;4591288;4850142;5014659
2020-09-04;21;4653102;4977021;4706051
2020-09-04;22;4362788;4574219;4311463
2020-09-04;23;3924824;4077806;3877132
2020-09-04;24;3453840;3521249;3443069
2020-09-05;1;3006045;2971454;3093155
2020-09-05;2;2700420;2600344;2974185
2020-09-05;3;2527589;2393144;2902813
2020-09-05;4;2429543;2291708;3033028
2020-09-05;5;2389263;2261167;3197385
2020-09-05;6;2406605;2309606;3436311
2020-09-05;7;2505428;2488525;3771963
2020-09-05;8;2735104;2828139;4048310
2020-09-05;9;3041003;3368445;4144006
2020-09-05;10;3291612;3555799;4176443
2020-09-05;11;3347315;3574397;4179076
2020-09-05;12;3402718;3611767;4158810
2020-09-05;13;3435209;3499206;4153195
2020-09-05;14;3351827;3387119;4144928
2020-09-05;15;3386098;3462629;4270183
2020-09-05;16;3389472;3520678;4426292
2020-09-05;17;3517297;3678374;4717556
2020-09-05;18;3743370;3886003;4924043
2020-09-05;19;4065298;4189222;5093223
2020-09-05;20;4367104;4366491;4996830
2020-09-05;21;4377766;4529119;4763548
2020-09-05;22;4032887;4160258;4382485
2020-09-05;23;3661796;3693854;3890236
2020-09-05;24;3259541;3161491;3466833
2020-09-06;1;2849308;2628518;3146564
2020-09-06;2;2553162;2265695;2996100
2020-09-06;3;2380023;2057516;2960218
2020-09-06;4;2285976;1945557;3005813
2020-09-06;5;2245803;1895122;3177052
2020-09-06;6;2254095;1914896;3452851
2020-09-06;7;2344904;2057372;3748947
2020-09-06;8;2528203;2354097;4024286
2020-09-06;9;2702190;2846687;4166681
2020-09-06;10;2845966;2983342;4169989
2020-09-06;11;2963269;2950269;4149788
2020-09-06;12;3045036;2937112;4105007
2020-09-06;13;2978388;2777331;4098269
2020-09-06;14;2720380;2623487;4097472
2020-09-06;15;2663454;2664803;4192179
2020-09-06;16;2660287;2698206;4416661
2020-09-06;17;2789374;2842628;4615922
2020-09-06;18;3071506;3049965;4874990
2020-09-06;19;3469892;3367210;5045682
2020-09-06;20;3886176;3573834;4984206
2020-09-06;21;4111113;3781770;4692012
2020-09-06;22;3841935;3474362;4290827
2020-09-06;23;3464093;3085256;3837830
2020-09-06;24;3000561;2645214;3397734
2020-09-07;1;2591078;2218215;3132050
2020-09-07;2;2332770;1973087;2969373
2020-09-07;3;2208824;1891860;2879048
2020-09-07;4;2147679;1913148;2968682
2020-09-07;5;2132840;1998868;3181264
2020-09-07;6;2195466;2153992;3393948
2020-09-07;7;2413594;2427100;3736977
2020-09-07;8;2790662;2845773;3964115
2020-09-07;9;3463104;3447772;4123966
2020-09-07;10;3661234;3677720;4158855
2020-09-07;11;3671014;3718703;4173601
2020-09-07;12;3687660;3757851;4089909
2020-09-07;13;3548977;3626864;4083595
2020-09-07;14;3483806;3477402;4057573
2020-09-07;15;3578045;3498716;4137277
2020-09-07;16;3632156;3488718;4300143
2020-09-07;17;3745603;3568263;4502482
2020-09-07;18;3837056;3692032;4752216
2020-09-07;19;4031691;3910554;4917641
2020-09-07;20;4045874;4007430;4839503
2020-09-07;21;4165541;4099124;4593095
2020-09-07;22;3847931;3673707;4170535
2020-09-07;23;3384233;3169518;3721966
2020-09-07;24;2907670;2621764;3264585
2020-09-08;1;2512990;2098412;2985929
2020-09-08;2;2273344;1771646;2836393
2020-09-08;3;2163780;1626074;2822003
2020-09-08;4;2110208;1602011;2875950
2020-09-08;5;2104037;1662156;3058525
2020-09-08;6;2163122;1811339;3337834
2020-09-08;7;2321076;2097126;3690184
2020-09-08;8;2646459;2545308;3954400
2020-09-08;9;3215355;3191211;4110364
2020-09-08;10;3366390;3476540;4149354
2020-09-08;11;3349945;3581153;4173634
2020-09-08;12;3330988;3688827;4144200
2020-09-08;13;3233699;3627958;4076893
2020-09-08;14;3178111;3547113;4120383
2020-09-08;15;3292926;3632795;4277595
2020-09-08;16;3412916;3680621;4425052
2020-09-08;17;3619787;3809669;4699299
2020-09-08;18;3812439;3973401;4971902
2020-09-08;19;4112535;4221680;5092040
2020-09-08;20;4148851;4337965;5049213
2020-09-08;21;4279931;4439049;4759807
2020-09-08;22;4088799;4013715;4345170
2020-09-08;23;3661440;3501323;3880926
2020-09-08;24;3169710;2938310;3524343
2020-09-09;1;2741715;2393997;3205853
2020-09-09;2;2468246;2041965;3005146
2020-09-09;3;2324593;1868191;2964287
2020-09-09;4;2250901;1814285;3062720
2020-09-09;5;2231048;1844123;3226027
2020-09-09;6;2284506;1963583;3460290
2020-09-09;7;2452847;2221133;3834210
2020-09-09;8;2777482;2643331;4055813
2020-09-09;9;3343032;3266136;4235018
2020-09-09;10;3478264;3531775;4277431
2020-09-09;11;3460470;3620514;4274355
2020-09-09;12;3464210;3716445;4251439
2020-09-09;13;3349675;3648180;4197471
2020-09-09;14;3345564;3564403;4260549
2020-09-09;15;3491220;3651623;4355789
2020-09-09;16;3594194;3705343;4568560
2020-09-09;17;3784513;3844393;4833391
2020-09-09;18;3988754;4021842;5052013
2020-09-09;19;4280661;4287010;5233423
2020-09-09;20;4345567;4422669;5179169
2020-09-09;21;4495585;4544785;4922567
2020-09-09;22;4261662;4141214;4512966
2020-09-09;23;3823568;3650317;4025659
2020-09-09;24;3319747;3107510;3615213
2020-09-10;1;2861541;2581128;3343028
2020-09-10;2;2570138;2243859;3170547
2020-09-10;3;2420523;2080941;3124800
2020-09-10;4;2337565;2033451;3190611
2020-09-10;5;2306842;2064983;3362870
2020-09-10;6;2354190;2181408;3569870
2020-09-10;7;2518224;2431476;3888891
2020-09-10;8;2850351;2842304;4142814
2020-09-10;9;3449729;3450655;4310036
2020-09-10;10;3620351;3699752;4347368
2020-09-10;11;3607684;3770990;4366287
2020-09-10;12;3640439;3849633;4297551
2020-09-10;13;3561736;3765433;4275761
2020-09-10;14;3537595;3668092;4293194
2020-09-10;15;3664121;3744943;4410585
2020-09-10;16;3774297;3792051;4626976
2020-09-10;17;3976393;3928507;4860367
2020-09-10;18;4170179;4107317;5171658
2020-09-10;19;4461870;4377422;5259583
2020-09-10;20;4500893;4520923;5220510
2020-09-10;21;4654307;4652887;4950270
2020-09-10;22;4427553;4260106;4548305
2020-09-10;23;3981539;3779804;4039234
2020-09-10;24;3463472;3246278;3644109
2020-09-11;1;2990376;2726857;3351157
2020-09-11;2;2685840;2393418;3168471
2020-09-11;3;2523918;2230649;3096821
2020-09-11;4;2431855;2179388;3114016
2020-09-11;5;2394142;2203311;3300098
2020-09-11;6;2435104;2308696;3530477
2020-09-11;7;2591049;2544978;3900905
2020-09-11;8;2928243;2940180;4165952
2020-09-11;9;3549529;3532107;4337412
2020-09-11;10;3739313;3765068;4340779
2020-09-11;11;3763405;3821480;4300262
2020-09-11;12;3836508;3887474;4317699
2020-09-11;13;3780364;3793417;4285145
2020-09-11;14;3751486;3689312;4331568
2020-09-11;15;3860604;3762433;4433745
2020-09-11;16;3957376;3808410;4612750
2020-09-11;17;4129832;3945547;4900517
2020-09-11;18;4304298;4125752;5098434
2020-09-11;19;4544524;4396638;5279066
2020-09-11;20;4509513;4538845;5218921
2020-09-11;21;4572370;4665963;4982911
2020-09-11;22;4313866;4263407;4559576
2020-09-11;23;3886623;3767246;4035211
2020-09-11;24;3421632;3210946;3560055
2020-09-12;1;2974107;2661416;3311223
2020-09-12;2;2671470;2290577;3088810
2020-09-12;3;2500590;2083654;3095894
2020-09-12;4;2403664;1982502;3121964
2020-09-12;5;2362975;1952251;3307491
2020-09-12;6;2378500;2000986;3569455
2020-09-12;7;2469806;2180208;3840772
2020-09-12;8;2692405;2520133;4105237
2020-09-12;9;2983367;3060756;4283956
2020-09-12;10;3216829;3248432;4341179
2020-09-12;11;3267539;3267361;4307061
2020-09-12;12;3322581;3305067;4252364
2020-09-12;13;3354965;3192850;4302200
2020-09-12;14;3275953;3081113;4340943
2020-09-12;15;3310833;3156981;4364390
2020-09-12;16;3325012;3215394;4577297
2020-09-12;17;3461853;3373461;4893620
2020-09-12;18;3699500;3581469;5140695
2020-09-12;19;4035845;3885072;5212933
2020-09-12;20;4344256;4062734;5203607
2020-09-12;21;4368327;4225761;4959098
2020-09-12;22;4054910;3857306;4588888
2020-09-12;23;3689214;3391316;4067710
2020-09-12;24;3286167;2859373;3580392
2020-09-13;1;2873154;2326828;3280964
2020-09-13;2;2575048;1964440;3107445
2020-09-13;3;2399944;1756703;3058346
2020-09-13;4;2304060;1645194;3129549
2020-09-13;5;2261160;1595215;3272404
2020-09-13;6;2265469;1615454;3498378
2020-09-13;7;2344236;1758401;3800615
2020-09-13;8;2517214;2055605;4074795
2020-09-13;9;2683857;2548681;4246347
2020-09-13;10;2824870;2685830;4298246
2020-09-13;11;2935014;2653259;4303576
2020-09-13;12;3017906;2640611;4216267
2020-09-13;13;2969270;2481346;4220975
2020-09-13;14;2737537;2328026;4203001
2020-09-13;15;2692421;2369873;4316053
2020-09-13;16;2694217;2403815;4538155
2020-09-13;17;2826649;2548785;4776338
2020-09-13;18;3113792;2756676;4951684
2020-09-13;19;3512064;3074483;5138263
2020-09-13;20;3922180;3281677;5101295
2020-09-13;21;4138811;3490191;4837306
2020-09-13;22;3889457;3183368;4448228
2020-09-13;23;3512965;2794856;3983085
2020-09-13;24;3047916;2355415;3478712
2020-09-14;1;2633769;1929024;3158742
2020-09-14;2;2372281;1684513;2985813
2020-09-14;3;2245239;1603911;2947581
2020-09-14;4;2182058;1625831;3068026
2020-09-14;5;2164762;1712191;3194550
2020-09-14;6;2223944;1867963;3432961
2020-09-14;7;2432571;2141728;3733572
2020-09-14;8;2799357;2561066;3992198
2020-09-14;9;3458918;3163736;4163085
2020-09-14;10;3654933;3394365;4211449
2020-09-14;11;3664204;3436036;4228273
2020-09-14;12;3684797;3475880;4138509
2020-09-14;13;3559398;3345597;4124700
2020-09-14;14;3501553;3196848;4145989
2020-09-14;15;3598573;3218882;4216114
2020-09-14;16;3659685;3209613;4424724
2020-09-14;17;3780955;3289895;4658279
2020-09-14;18;3877764;3414409;4894642
2020-09-14;19;4071522;3633684;5016384
2020-09-14;20;4085100;3731320;4976776
2020-09-14;21;4208085;3823784;4736602
2020-09-14;22;3910227;3399144;4261063
2020-09-14;23;3448924;2895740;3795889
2020-09-14;24;2969783;2348780;3343346
2020-09-15;1;2566900;1826230;3050893
2020-09-15;2;2321209;1500274;2921338
2020-09-15;3;2206744;1355519;2868489
2020-09-15;4;2150259;1332284;2961501
2020-09-15;5;2141172;1393263;3089060
2020-09-15;6;2199108;1543288;3343403
2020-09-15;7;2358104;1829926;3642480
2020-09-15;8;2685459;2278967;3952409
2020-09-15;9;3259757;2925737;4153541
2020-09-15;10;3413061;3211942;4209152
2020-09-15;11;3394810;3317438;4170731
2020-09-15;12;3374934;3426004;4194020
2020-09-15;13;3274904;3366035;4162966
2020-09-15;14;3217847;3286098;4139569
2020-09-15;15;3331351;3372697;4297116
2020-09-15;16;3452374;3421447;4486909
2020-09-15;17;3660841;3551428;4777453
2020-09-15;18;3855936;3716100;5025274
2020-09-15;19;4158189;3965328;5154661
2020-09-15;20;4195813;4082571;5096167
2020-09-15;21;4326461;4184619;4849898
2020-09-15;22;4136294;3760258;4457181
2020-09-15;23;3704179;3248848;3990261
2020-09-15;24;3207832;2686824;3503484
2020-09-16;1;2774076;2143509;3172570
2020-09-16;2;2497837;1792482;3038451
2020-09-16;3;2352035;1619721;2950183
2020-09-16;4;2277773;1566837;3028706
2020-09-16;5;2257089;1597704;3193048
2020-09-16;6;2310955;1718201;3423271
2020-09-16;7;2480567;1976797;3774070
2020-09-16;8;2807393;2400048;4038492
2020-09-16;9;3377761;3023916;4220872
2020-09-16;10;3514866;3290623;4198695
2020-09-16;11;3495761;3380439;4212127
2020-09-16;12;3500523;3477455;4158981
2020-09-16;13;3385792;3410283;4173598
2020-09-16;14;3381686;3327606;4173504
2020-09-16;15;3527269;3415934;4330178
2020-09-16;16;3632690;3470770;4545854
2020-09-16;17;3825626;3610944;4803705
2020-09-16;18;4033272;3789525;5028572
2020-09-16;19;4328212;4055832;5246613
2020-09-16;20;4393929;4192637;5198526
2020-09-16;21;4544023;4315907;4922767
2020-09-16;22;4311335;3913498;4518770
2020-09-16;23;3868266;3423770;4079136
2020-09-16;24;3358999;2882140;3569390
2020-09-17;1;2894821;2356942;3282515
2020-09-17;2;2600363;2020865;3085340
2020-09-17;3;2448412;1859145;3014777
2020-09-17;4;2364843;1812862;3096203
2020-09-17;5;2333364;1845607;3230688
2020-09-17;6;2381032;1963252;3498997
2020-09-17;7;2546682;2214548;3806862
2020-09-17;8;2880157;2626611;4039244
2020-09-17;9;3483192;3236204;4197943
2020-09-17;10;3655012;3486551;4251366
2020-09-17;11;3641277;3559045;4219349
2020-09-17;12;3674840;3638951;4210354
2020-09-17;13;3596267;3556021;4119512
2020-09-17;14;3572845;3459957;4215448
2020-09-17;15;3699630;3538091;4305299
2020-09-17;16;3811178;3586490;4528673
2020-09-17;17;4014599;3724242;4811907
2020-09-17;18;4211645;3904356;5062938
2020-09-17;19;4506609;4175771;5159157
2020-09-17;20;4546742;4320589;5124415
2020-09-17;21;4699727;4453877;4897346
2020-09-17;22;4473760;4062425;4488415
2020-09-17;23;4023190;3583459;4038072
2020-09-17;24;3500448;3051275;3602086
2020-09-18;1;3021689;2533203;3240003
2020-09-18;2;2713838;2201119;3031685
2020-09-18;3;2549422;2039710;2995010
2020-09-18;4;2456364;1989816;3034466
2020-09-18;5;2417569;2015112;3180196
2020-09-18;6;2458374;2121875;3441232
2020-09-18;7;2613623;2359542;3729927
2020-09-18;8;2952446;2756134;3977093
2020-09-18;9;3576216;3349457;4125089
2020-09-18;10;3767052;3583819;4202350
2020-09-18;11;3790092;3641639;4154335
2020-09-18;12;3863463;3709045;4134654
2020-09-18;13;3807794;3616406;4126926
2020-09-18;14;3779274;3513725;4173667
2020-09-18;15;3887531;3588274;4306574
2020-09-18;16;3983436;3635685;4478847
2020-09-18;17;4155776;3774261;4777406
2020-09-18;18;4332391;3955910;5008589
2020-09-18;19;4575431;4228244;5138227
2020-09-18;20;4542189;4371905;5139457
2020-09-18;21;4604316;4500482;4856265
2020-09-18;22;4349363;4099389;4467526
2020-09-18;23;3918497;3604695;3947903
2020-09-18;24;3449363;3049868;3517133
2020-09-19;1;2996206;2501814;3228664
2020-09-19;2;2690736;2132456;2983943
2020-09-19;3;2517705;1927019;2880953
2020-09-19;4;2419645;1827356;2936221
2020-09-19;5;2377599;1798598;3102002
2020-09-19;6;2392354;1848831;3366992
2020-09-19;7;2481798;2029555;3642688
2020-09-19;8;2704035;2370985;3916657
2020-09-19;9;2992794;2913117;4122175
2020-09-19;10;3223475;3102307;4182288
2020-09-19;11;3272182;3122751;4135447
2020-09-19;12;3326782;3161978;4160018
2020-09-19;13;3358055;3051283;4087541
2020-09-19;14;3278778;2941073;4154378
2020-09-19;15;3312713;3018471;4254070
2020-09-19;16;3328610;3078416;4474694
2020-09-19;17;3466851;3238019;4757564
2020-09-19;18;3707421;3447565;5017425
2020-09-19;19;4047047;3752709;5127183
2020-09-19;20;4357274;3931915;5085899
2020-09-19;21;4382758;4096488;4846169
2020-09-19;22;4074349;3729583;4441573
2020-09-19;23;3707124;3265144;3991433
2020-09-19;24;3301809;2734754;3492065
2020-09-20;1;2885810;2203766;3188006
2020-09-20;2;2585858;1842935;2963955
2020-09-20;3;2408944;1636758;2878603
2020-09-20;4;2311871;1526810;2910102
2020-09-20;5;2267366;1478395;3070130
2020-09-20;6;2270180;1500198;3322147
2020-09-20;7;2345329;1644712;3619480
2020-09-20;8;2515400;1943484;3837866
2020-09-20;9;2679347;2438129;4059696
2020-09-20;10;2818971;2576848;4079983
2020-09-20;11;2926276;2545849;4043834
2020-09-20;12;3008549;2534773;4030437
2020-09-20;13;2962825;2377081;4066470
2020-09-20;14;2736669;2225335;4068014
2020-09-20;15;2693247;2268758;4179925
2020-09-20;16;2695447;2304275;4342437
2020-09-20;17;2827178;2450819;4615575
2020-09-20;18;3113802;2660287;4866468
2020-09-20;19;3509379;2979670;5015055
2020-09-20;20;3915551;3188440;4920084
2020-09-20;21;4127786;3398530;4722274
2020-09-20;22;3882935;3093283;4321871
2020-09-20;23;3507019;2706346;3854854
2020-09-20;24;3043044;2268480;3403608
2020-09-21;1;2628901;1843664;3073909
2020-09-21;2;2367472;1600727;2905080
2020-09-21;3;2239555;1521698;2805130
2020-09-21;4;2175683;1545191;2878446
2020-09-21;5;2157062;1633122;3020802
2020-09-21;6;2214412;1790464;3270857
2020-09-21;7;2418386;2065798;3565745
2020-09-21;8;2779254;2486703;3781963
2020-09-21;9;3429326;3090940;3978912
2020-09-21;10;3622203;3323133;4004707
2020-09-21;11;3629821;3366367;4046912
2020-09-21;12;3650068;3407772;3948740
2020-09-21;13;3527410;3279048;3941678
2020-09-21;14;3470782;3131855;4004831
2020-09-21;15;3566043;3155445;4095176
2020-09-21;16;3627066;3147728;4285395
2020-09-21;17;3747333;3229560;4518362
2020-09-21;18;3843187;3355621;4739440
2020-09-21;19;4032955;3576440;4871310
2020-09-21;20;4045070;3675618;4785950
2020-09-21;21;4165691;3769621;4577503
2020-09-21;22;3874910;3346516;4173495
2020-09-21;23;3418665;2844646;3653232
2020-09-21;24;2944354;2299214;3203498
2020-09-22;1;2543978;1778190;2866466
2020-09-22;2;2299616;1453756;2741475
2020-09-22;3;2184783;1310520;2651483
2020-09-22;4;2127834;1288799;2784210
2020-09-22;5;2117394;1351288;2907589
2020-09-22;6;2173573;1502821;3212300
2020-09-22;7;2329472;1790961;3547811
2020-09-22;8;2651375;2241500;3786665
2020-09-22;9;3216488;2889764;3917853
2020-09-22;10;3366843;3177458;4015677
2020-09-22;11;3347216;3284439;4015564
2020-09-22;12;3326531;3394484;4003161
2020-09-22;13;3226396;3335989;4008792
2020-09-22;14;3169123;3257522;4040945
2020-09-22;15;3279070;3345585;4181894
2020-09-22;16;3397162;3395795;4394862
2020-09-22;17;3600785;3527229;4685682
2020-09-22;18;3791684;3693349;4900072
2020-09-22;19;4087117;3944019;5033936
2020-09-22;20;4123164;4062699;5015920
2020-09-22;21;4249577;4166178;4743788
2020-09-22;22;4062357;3743242;4365984
2020-09-22;23;3636703;3233250;3885332
2020-09-22;24;3148792;2672638;3443303
2020-09-23;1;2721912;2130729;3136423
2020-09-23;2;2450310;1781101;2917039
2020-09-23;3;2306373;1609732;2834560
2020-09-23;4;2233024;1558234;2902876
2020-09-23;5;2211841;1590480;3059673
2020-09-23;6;2263981;1712349;3328566
2020-09-23;7;2429156;1972310;3623926
2020-09-23;8;2748160;2396918;3883368
2020-09-23;9;3305084;3022136;4093057
2020-09-23;10;3438453;3290185;4146632
2020-09-23;11;3418362;3381337;4096926
2020-09-23;12;3422362;3479680;4062878
2020-09-23;13;3309313;3413827;4102625
2020-09-23;14;3304477;3332462;4094425
2020-09-23;15;3445239;3422093;4313641
2020-09-23;16;3547630;3478225;4502879
2020-09-23;17;3734966;3619685;4774665
2020-09-23;18;3936986;3799544;4993805
2020-09-23;19;4223485;4067121;5142053
2020-09-23;20;4286592;4205187;5150058
2020-09-23;21;4431270;4329710;4879634
2020-09-23;22;4204184;3928545;4493529
2020-09-23;23;3770985;3440052;4022172
2020-09-23;24;3273854;2899647;3579053
2020-09-24;1;2820458;2375665;3218425
2020-09-24;2;2533051;2040795;3051315
2020-09-24;3;2384189;1880273;2945869
2020-09-24;4;2302364;1835177;2982632
2020-09-24;5;2270958;1869101;3090143
2020-09-24;6;2316783;1987915;3349140
2020-09-24;7;2477187;2240370;3652711
2020-09-24;8;2800416;2653582;3956431
2020-09-24;9;3385214;3264314;4059801
2020-09-24;10;3551334;3515788;4112432
2020-09-24;11;3536790;3589401;4119851
2020-09-24;12;3568747;3670415;4079953
2020-09-24;13;3491677;3588583;4073815
2020-09-24;14;3468430;3493606;4121023
2020-09-24;15;3590321;3572816;4245274
2020-09-24;16;3697893;3622280;4480801
2020-09-24;17;3894098;3761088;4681433
2020-09-24;18;4084730;3942245;4924265
2020-09-24;19;4369759;4214693;5094120
2020-09-24;20;4407981;4360533;5102989
2020-09-24;21;4554708;4494830;4886281
2020-09-24;22;4335559;4104378;4486347
2020-09-24;23;3897967;3626399;3958473
2020-09-24;24;3391038;3095191;3494941
2020-09-25;1;2926403;2578083;3189028
2020-09-25;2;2627762;2246952;2962585
2020-09-25;3;2467803;2086485;2875788
2020-09-25;4;2377297;2037519;2937879
2020-09-25;5;2339060;2063732;3076149
2020-09-25;6;2378016;2171401;3393565
2020-09-25;7;2527146;2409961;3627015
2020-09-25;8;2854004;2807433;3889434
2020-09-25;9;3455641;3401625;4070437
2020-09-25;10;3639385;3636843;4142188
2020-09-25;11;3660600;3695507;4040055
2020-09-25;12;3730839;3763744;4044280
2020-09-25;13;3676516;3671924;4052006
2020-09-25;14;3648565;3570048;4098442
2020-09-25;15;3751964;3645390;4211787
2020-09-25;16;3843639;3693583;4439875
2020-09-25;17;4008883;3832926;4709408
2020-09-25;18;4178912;4015329;4917232
2020-09-25;19;4412791;4288405;5065322
2020-09-25;20;4380594;4432795;5038245
2020-09-25;21;4439450;4562087;4834568
2020-09-25;22;4194270;4161696;4405655
2020-09-25;23;3778087;3667691;3922497
2020-09-25;24;3325289;3113539;3474714
2020-09-26;1;2887508;2566147;3143092
2020-09-26;2;2592694;2197438;2956516
2020-09-26;3;2425374;1992636;2829973
2020-09-26;4;2330553;1893595;2874868
2020-09-26;5;2289461;1865445;3035119
2020-09-26;6;2303241;1916273;3281457
2020-09-26;7;2388474;2097577;3621390
2020-09-26;8;2601783;2439574;3871975
2020-09-26;9;2878457;2982259;4016933
2020-09-26;10;3099269;3171987;4127516
2020-09-26;11;3145210;3192957;4134208
2020-09-26;12;3197302;3232695;4046011
2020-09-26;13;3226687;3122498;4041514
2020-09-26;14;3150215;3012770;4081678
2020-09-26;15;3182214;3090637;4244095
2020-09-26;16;3197617;3151038;4442257
2020-09-26;17;3330303;3311081;4712209
2020-09-26;18;3561714;3521053;4910941
2020-09-26;19;3888123;3826610;5093113
2020-09-26;20;4186111;4006214;5036214
2020-09-26;21;4210450;4171171;4827769
2020-09-26;22;3915261;3804635;4455609
2020-09-26;23;3562077;3340551;3949411
2020-09-26;24;3172388;2810502;3502907
2020-09-27;1;2772220;2279839;3158804
2020-09-27;2;2483843;1919320;2965343
2020-09-27;3;2313480;1713440;2905059
2020-09-27;4;2219983;1603775;2863493
2020-09-27;5;2176759;1555628;3080176
2020-09-27;6;2179057;1577685;3299626
2020-09-27;7;2250204;1722438;3613802
2020-09-27;8;2412657;2021434;3854012
2020-09-27;9;2569179;2516290;4035047
2020-09-27;10;2702750;2655205;4136924
2020-09-27;11;2804899;2624386;4036859
2020-09-27;12;2883629;2613476;4027169
2020-09-27;13;2840257;2455936;3965226
2020-09-27;14;2624534;2304328;4055814
2020-09-27;15;2583140;2347872;4207546
2020-09-27;16;2585324;2383497;4373837
2020-09-27;17;2711401;2530135;4643444
2020-09-27;18;2986163;2739682;4871397
2020-09-27;19;3364827;3059129;5013627
2020-09-27;20;3753501;3267948;4963153
2020-09-27;21;3955970;3478073;4742433
2020-09-27;22;3722192;3172846;4355442
2020-09-27;23;3361757;2785915;3821503
2020-09-27;24;2917114;2348040;3429857
2020-09-28;1;2519931;1923200;3077425
2020-09-28;2;2269299;1680226;2847265
2020-09-28;3;2146422;1601144;2804339
2020-09-28;4;2085082;1624570;2825842
2020-09-28;5;2066934;1712420;2959668
2020-09-28;6;2121608;1869667;3267497
2020-09-28;7;2316227;2144889;3534561
2020-09-28;8;2661136;2565670;3810652
2020-09-28;9;3282581;3169768;3922985
2020-09-28;10;3467047;3401808;4013718
2020-09-28;11;3474054;3444874;4020786
2020-09-28;12;3493580;3486097;3912813
2020-09-28;13;3376596;3357177;3878943
2020-09-28;14;3322730;3209774;3954177
2020-09-28;15;3413829;3233138;4079453
2020-09-28;16;3472565;3225183;4282541
2020-09-28;17;3587851;3306762;4524995
2020-09-28;18;3679855;3432556;4760699
2020-09-28;19;3861222;3653094;4872117
2020-09-28;20;3872816;3751977;4817410
2020-09-28;21;3988232;3845671;4567930
2020-09-28;22;3711019;3422244;4197101
2020-09-28;23;3274435;2920037;3695152
2020-09-28;24;2820509;2374255;3253665
2020-09-29;1;2436908;1852866;2930613
2020-09-29;2;2202840;1528056;2825286
2020-09-29;3;2092660;1384428;2696571
2020-09-29;4;2038083;1362302;2782380
2020-09-29;5;2027907;1424373;2905301
2020-09-29;6;2081678;1575474;3208156
2020-09-29;7;2230880;1863169;3543991
2020-09-29;8;2539103;2313250;3801777
2020-09-29;9;3080120;2961042;4000206
2020-09-29;10;3224256;3248251;4034303
2020-09-29;11;3205381;3354735;4065586
2020-09-29;12;3185702;3464269;3994004
2020-09-29;13;3089751;3405251;3947666
2020-09-29;14;3035037;3326247;4056794
2020-09-29;15;3140234;3413761;4129331
2020-09-29;16;3253507;3463409;4312561
2020-09-29;17;3448539;3594268;4642918
2020-09-29;18;3631620;3759801;4872399
2020-09-29;19;3914611;4009872;5018466
2020-09-29;20;3949463;4127939;4911397
2020-09-29;21;4070574;4230794;4755666
2020-09-29;22;3891686;3807221;4372650
2020-09-29;23;3484046;3296580;3896206
2020-09-29;24;3016917;2735309;3441386
2020-09-30;1;2607991;2192726;3140194
2020-09-30;2;2347982;1842415;2881919
2020-09-30;3;2210137;1670350;2838430
2020-09-30;4;2140059;1618143;2897263
2020-09-30;5;2119839;1649671;3056639
2020-09-30;6;2170009;1770809;3313383
2020-09-30;7;2328429;2030027;3622094
2020-09-30;8;2634401;2453883;3896728
2020-09-30;9;3168408;3078335;4080476
2020-09-30;10;3296635;3345610;4102814
2020-09-30;11;3277542;3435975;4077844
2020-09-30;12;3281790;3533521;4061503
2020-09-30;13;3173667;3466860;4056236
2020-09-30;14;3169399;3384676;4089423
2020-09-30;15;3304588;3473479;4256744
2020-09-30;16;3403277;3528771;4450763
2020-09-30;17;3583320;3669382;4700840
2020-09-30;18;3777669;3848381;4950693
2020-09-30;19;4052926;4115089;5093430
2020-09-30;20;4114023;4252276;5084595
2020-09-30;21;4253202;4375909;4858895
2020-09-30;22;4035966;3973845;4475553
2020-09-30;23;3620467;3484444;3954627
2020-09-30;24;3143637;2943121;3513272
2020-10-01;1;2708532;2418213;3176998
2020-10-01;2;2432896;2082406;2977530
2020-10-01;3;2290143;1920939;2889635
2020-10-01;4;2211889;1874889;2968977
2020-10-01;5;2181948;1907850;3112203
2020-10-01;6;2226305;2025693;3295341
2020-10-01;7;2380716;2277168;3653582
2020-10-01;8;2691662;2689391;4010605
2020-10-01;9;3254027;3299127;4102633
2020-10-01;10;3414236;3549597;4155271
2020-10-01;11;3400645;3622197;4133759
2020-10-01;12;3431961;3702191;4058507
2020-10-01;13;3358335;3619331;4097276
2020-10-01;14;3336585;3523318;4121090
2020-10-01;15;3454270;3601486;4314595
2020-10-01;16;3558395;3649900;4522785
2020-10-01;17;3747700;3787651;4785432
2020-10-01;18;3931928;3967744;5029621
2020-10-01;19;4206929;4239121;5151380
2020-10-01;20;4244527;4383884;5131672
2020-10-01;21;4386379;4517098;4863942
2020-10-01;22;4176243;4125555;4474324
2020-10-01;23;3755318;3646479;4009052
2020-10-01;24;3267590;3114169;3599638
2020-10-02;1;2820289;2595953;3201951
2020-10-02;2;2532957;2263708;3020250
2020-10-02;3;2379118;2102121;2923540
2020-10-02;4;2292309;2052030;2966855
2020-10-02;5;2255782;2077114;3071894
2020-10-02;6;2293780;2183647;3348835
2020-10-02;7;2437939;2421066;3655180
2020-10-02;8;2753751;2817394;3952533
2020-10-02;9;3334711;3410436;4169772
2020-10-02;10;3512728;3644500;4128957
2020-10-02;11;3533776;3702005;4135990
2020-10-02;12;3602321;3769080;4081244
2020-10-02;13;3550558;3676093;4092041
2020-10-02;14;3524337;3573047;4188954
2020-10-02;15;3624810;3647215;4256767
2020-10-02;16;3714101;3694230;4514003
2020-10-02;17;3874449;3832392;4781421
2020-10-02;18;4039707;4013612;4988359
2020-10-02;19;4266677;4285501;5160899
2020-10-02;20;4236577;4428701;5138334
2020-10-02;21;4294282;4556800;4839177
2020-10-02;22;4058285;4155214;4455645
2020-10-02;23;3656318;3660012;3989026
2020-10-02;24;3218826;3104661;3560366
2020-10-03;1;2795530;2556068;3195480
2020-10-03;2;2510653;2186156;2980742
2020-10-03;3;2349066;1980149;2924898
2020-10-03;4;2257728;1879901;2988097
2020-10-03;5;2218330;1850544;3096798
2020-10-03;6;2232162;1900163;3350276
2020-10-03;7;2315138;2080258;3717673
2020-10-03;8;2522425;2421044;4017731
2020-10-03;9;2791089;2962518;4103975
2020-10-03;10;3005748;3151035;4163037
2020-10-03;11;3050862;3170793;4125466
2020-10-03;12;3102114;3209318;4132616
2020-10-03;13;3131255;3097910;4095927
2020-10-03;14;3057779;2986971;4137100
2020-10-03;15;3089476;3063627;4312643
2020-10-03;16;3105275;3122817;4477400
2020-10-03;17;3234914;3281650;4762878
2020-10-03;18;3460677;3490413;4963539
2020-10-03;19;3778806;3794763;5126243
2020-10-03;20;4069477;3973160;5091415
2020-10-03;21;4094138;4136912;4932269
2020-10-03;22;3808352;3769173;4505184
2020-10-03;23;3465622;3303887;3945794
2020-10-03;24;3087251;2772639;3551647
2020-10-04;1;2698400;2240779;3212976
2020-10-04;2;2418293;1879066;3007161
2020-10-04;3;2252902;1671993;2904480
2020-10-04;4;2162368;1561139;2947572
2020-10-04;5;2120696;1511805;3136645
2020-10-04;6;2123410;1532678;3368933
2020-10-04;7;2193080;1676250;3678597
2020-10-04;8;2351874;1974070;3938450
2020-10-04;9;2504931;2467752;4118015
2020-10-04;10;2635793;2605496;4161769
2020-10-04;11;2735946;2573512;4167767
2020-10-04;12;2813459;2561440;4045574
2020-10-04;13;2771950;2402743;4043623
2020-10-04;14;2562335;2249981;4095279
2020-10-04;15;2522621;2292377;4224104
2020-10-04;16;2525440;2326858;4385075
2020-10-04;17;2649211;2472357;4620468
2020-10-04;18;2918418;2680770;4848389
2020-10-04;19;3289173;2999088;5049239
2020-10-04;20;3669909;3206784;4987136
2020-10-04;21;3868635;3415792;4760459
2020-10-04;22;3641176;3109453;4347948
2020-10-04;23;3289405;2721416;3834318
2020-10-04;24;2855110;2282442;3434080
2020-10-05;1;2466955;1856509;3047753
2020-10-05;2;2222169;1612448;2876380
2020-10-05;3;2102317;1532286;2796591
2020-10-05;4;2042747;1554638;2834856
2020-10-05;5;2025411;1641421;2988149
2020-10-05;6;2079469;1797609;3224100
2020-10-05;7;2270615;2071779;3516700
2020-10-05;8;2609253;2491516;3811227
2020-10-05;9;3219170;3094576;4025162
2020-10-05;10;3400921;3325587;4065439
2020-10-05;11;3408586;3367631;4071723
2020-10-05;12;3428665;3407841;3984990
2020-10-05;13;3314776;3277916;3997711
2020-10-05;14;3262815;3129516;4019374
2020-10-05;15;3353083;3151892;4102437
2020-10-05;16;3411722;3142958;4264821
2020-10-05;17;3525893;3223566;4480611
2020-10-05;18;3617286;3348398;4750603
2020-10-05;19;3796431;3567984;4915874
2020-10-05;20;3808800;3665924;4824988
2020-10-05;21;3923257;3758684;4621409
2020-10-05;22;3651750;3334333;4207712
2020-10-05;23;3223008;2831212;3788251
2020-10-05;24;2776995;2284526;3295056
2020-10-06;1;2399882;1762243;3005895
2020-10-06;2;2169916;1436548;2827028
2020-10-06;3;2061843;1292047;2724472
2020-10-06;4;2008563;1269058;2777672
2020-10-06;5;1998976;1330276;2924558
2020-10-06;6;2052481;1480535;3153334
2020-10-06;7;2200093;1767399;3451227
2020-10-06;8;2504667;2216661;3798634
2020-10-06;9;3039032;2863644;3956187
2020-10-06;10;3182059;3150056;4019847
2020-10-06;11;3164161;3255754;4008567
2020-10-06;12;3145528;3364514;3943672
2020-10-06;13;3051491;3304733;3981084
2020-10-06;14;2998208;3224979;4023932
2020-10-06;15;3102829;3311754;4112763
2020-10-06;16;3215563;3360676;4340102
2020-10-06;17;3409115;3490821;4602246
2020-10-06;18;3591013;3655652;4840052
2020-10-06;19;3871735;3905034;5001582
2020-10-06;20;3907200;4022424;4992700
2020-10-06;21;4027939;4124615;4737882
2020-10-06;22;3851926;3700391;4308105
2020-10-06;23;3449260;3189113;3846549
2020-10-06;24;2987556;2627216;3422012
2020-10-07;1;2583205;2084022;3121492
2020-10-07;2;2326253;1733112;2862848
2020-10-07;3;2190189;1560462;2790840
2020-10-07;4;2121275;1507685;2840065
2020-10-07;5;2101713;1538654;3008373
2020-10-07;6;2151985;1659249;3202473
2020-10-07;7;2309616;1917937;3489445
2020-10-07;8;2613745;2341276;3838483
2020-10-07;9;3144276;2965228;3987994
2020-10-07;10;3272336;3232014;4072681
2020-10-07;11;3254118;3321906;4076663
2020-10-07;12;3259144;3418993;4003352
2020-10-07;13;3152500;3351888;4014864
2020-10-07;14;3149027;3269274;4102142
2020-10-07;15;3284078;3357662;4216556
2020-10-07;16;3382990;3412553;4439097
2020-10-07;17;3562774;3552779;4674138
2020-10-07;18;3756927;3731407;4941014
2020-10-07;19;4031580;3997760;5068543
2020-10-07;20;4093339;4134606;5039304
2020-10-07;21;4232752;4257914;4844421
2020-10-07;22;4017559;3855540;4429179
2020-10-07;23;3604763;3365844;3936656
2020-10-07;24;3130749;2824242;3477058
2020-10-08;1;2698021;2299070;3150381
2020-10-08;2;2424030;1963015;3006029
2020-10-08;3;2282296;1801316;2874630
2020-10-08;4;2204831;1755050;2927613
2020-10-08;5;2175459;1787809;3061905
2020-10-08;6;2220198;1905467;3301151
2020-10-08;7;2374703;2156773;3580822
2020-10-08;8;2685459;2568843;3831199
2020-10-08;9;3247204;3178442;4027220
2020-10-08;10;3407856;3428791;4064288
2020-10-08;11;3395014;3501287;4109634
2020-10-08;12;3427065;3581193;3999736
2020-10-08;13;3354273;3498260;4003398
2020-10-08;14;3333315;3402192;4052578
2020-10-08;15;3451610;3480320;4171688
2020-10-08;16;3556457;3528711;4339481
2020-10-08;17;3746446;3666455;4692838
2020-10-08;18;3931504;3846558;4876816
2020-10-08;19;4207364;4117961;5076453
2020-10-08;20;4245914;4262767;5020499
2020-10-08;21;4388706;4396040;4823498
2020-10-08;22;4179411;4004574;4367790
2020-10-08;23;3758946;3525591;3953766
2020-10-08;24;3271468;2993391;3473686
2020-10-09;1;2824210;2475301;3151214
2020-10-09;2;2537025;2143199;2943505
2020-10-09;3;2383416;1981772;2893493
2020-10-09;4;2296941;1931858;2866759
2020-10-09;5;2260790;1957135;3016147
2020-10-09;6;2299355;2063879;3261657
2020-10-09;7;2444330;2301526;3552397
2020-10-09;8;2761538;2698097;3781530
2020-10-09;9;3344776;3291401;3984964
2020-10-09;10;3524061;3525743;4017885
2020-10-09;11;3545863;3583543;4020651
2020-10-09;12;3615386;3650930;3999487
2020-10-09;13;3564141;3558272;4013994
2020-10-09;14;3538552;3455571;4046183
2020-10-09;15;3640115;3530102;4154436
2020-10-09;16;3730523;3577496;4348918
2020-10-09;17;3892312;3716055;4650894
2020-10-09;18;4059159;3897688;4879240
2020-10-09;19;4288049;4170007;5056620
2020-10-09;20;4258668;4313654;5009964
2020-10-09;21;4317472;4442217;4840284
2020-10-09;22;4081064;4041112;4397024
2020-10-09;23;3677523;3546408;3927013
2020-10-09;24;3238122;2991571;3509059
2020-10-10;1;2812784;2443509;3172720
2020-10-10;2;2526630;2074145;2963084
2020-10-10;3;2364435;1868702;2855599
2020-10-10;4;2272928;1769037;2865926
2020-10-10;5;2233655;1740277;3030458
2020-10-10;6;2247998;1790511;3249559
2020-10-10;7;2331952;1971237;3562351
2020-10-10;8;2541203;2312671;3755829
2020-10-10;9;2812325;2854809;3930289
2020-10-10;10;3029137;3044007;4036568
2020-10-10;11;3075115;3064462;3970007
2020-10-10;12;3127339;3103702;3957605
2020-10-10;13;3157249;2993023;3925843
2020-10-10;14;3083717;2882831;4027325
2020-10-10;15;3116204;2960249;4104563
2020-10-10;16;3132717;3020218;4382503
2020-10-10;17;3264065;3179846;4649936
2020-10-10;18;3492506;3389420;4861634
2020-10-10;19;3814224;3694597;5026712
2020-10-10;20;4108344;3873837;5022886
2020-10-10;21;4133936;4038448;4818526
2020-10-10;22;3846099;3671583;4399199
2020-10-10;23;3500544;3207188;3983540
2020-10-10;24;3118885;2676846;3463860
2020-10-11;1;2726476;2145907;3117725
2020-10-11;2;2443858;1785131;2895372
2020-10-11;3;2277067;1579011;2758889
2020-10-11;4;2185914;1469124;2820834
2020-10-11;5;2144108;1420774;2964480
2020-10-11;6;2147185;1442645;3199499
2020-10-11;7;2217936;1587231;3475684
2020-10-11;8;2378879;1886079;3717169
2020-10-11;9;2534050;2380804;3914430
2020-10-11;10;2666844;2519607;3936704
2020-10-11;11;2768564;2488696;3898687
2020-10-11;12;2847443;2477712;3886651
2020-10-11;13;2805879;2320117;3842237
2020-10-11;14;2594155;2168471;3879000
2020-10-11;15;2554340;2211999;4036776
2020-10-11;16;2557588;2247625;4200641
2020-10-11;17;2683313;2394284;4483691
2020-10-11;18;2956423;2603870;4743665
2020-10-11;19;3332450;2923375;4906188
2020-10-11;20;3718705;3132273;4859999
2020-10-11;21;3920577;3342495;4691000
2020-10-11;22;3690645;3037386;4244491
2020-10-11;23;3334554;2650591;3784011
2020-10-11;24;2894717;2212871;3295577
2020-10-12;1;2501510;1788207;2943991
2020-10-12;2;2253609;1545427;2725831
2020-10-12;3;2132335;1466560;2676951
2020-10-12;4;2072193;1490220;2707434
2020-10-12;5;2054863;1578323;2823180
2020-10-12;6;2109978;1735844;3004132
2020-10-12;7;2304185;2011360;3340294
2020-10-12;8;2648146;2432454;3597885
2020-10-12;9;3267517;3036884;3737153
2020-10-12;10;3452442;3269276;3823077
2020-10-12;11;3460640;3312715;3785012
2020-10-12;12;3481480;3354330;3784179
2020-10-12;13;3366270;3225822;3749057
2020-10-12;14;3313936;3078851;3796267
2020-10-12;15;3406022;3102668;3871010
2020-10-12;16;3466032;3095184;4085929
2020-10-12;17;3582450;3177255;4345669
2020-10-12;18;3675765;3303561;4595814
2020-10-12;19;3858235;3524630;4723999
2020-10-12;20;3871264;3624065;4727049
2020-10-12;21;3988047;3718331;4516179
2020-10-12;22;3712549;3295495;4061760
2020-10-12;23;3277052;2793899;3642157
2020-10-12;24;2823901;2248749;3198810
2020-10-13;1;2440680;1728011;2815063
2020-10-13;2;2207052;1403871;2643082
2020-10-13;3;2097343;1260934;2583387
2020-10-13;4;2043367;1239519;2626983
2020-10-13;5;2033818;1302321;2732584
2020-10-13;6;2088477;1454172;3007998
2020-10-13;7;2238900;1742637;3318495
2020-10-13;8;2549111;2193508;3579536
2020-10-13;9;3093258;2842110;3744873
2020-10-13;10;3239177;3130148;3872887
2020-10-13;11;3221268;3237480;3795095
2020-10-13;12;3202627;3347883;3808720
2020-10-13;13;3107176;3289752;3842184
2020-10-13;14;3053227;3211656;3862769
2020-10-13;15;3160058;3300097;4006125
2020-10-13;16;3275195;3350690;4181927
2020-10-13;17;3472653;3482515;4477319
2020-10-13;18;3658298;3649033;4702719
2020-10-13;19;3944632;3900108;4861931
2020-10-13;20;3981145;4019198;4880383
2020-10-13;21;4104527;4123096;4626469
2020-10-13;22;3925541;3700584;4272161
2020-10-13;23;3515484;3191024;3771971
2020-10-13;24;3045196;2630851;3318795
2020-10-14;1;2633266;2089387;2973610
2020-10-14;2;2371548;1740212;2750775
2020-10-14;3;2233019;1569302;2668040
2020-10-14;4;2162947;1518270;2714931
2020-10-14;5;2143174;1550990;2892831
2020-10-14;6;2194625;1673339;3101389
2020-10-14;7;2355564;1933787;3392117
2020-10-14;8;2665964;2358889;3670030
2020-10-14;9;3207341;2984608;3826094
2020-10-14;10;3338245;3253166;3867256
2020-10-14;11;3319910;3344833;3900295
2020-10-14;12;3325307;3443699;3840674
2020-10-14;13;3216739;3378375;3864981
2020-10-14;14;3213449;3297546;3920588
2020-10-14;15;3351502;3387721;4057617
2020-10-14;16;3452713;3444403;4304173
2020-10-14;17;3636462;3586422;4591852
2020-10-14;18;3834922;3766845;4784377
2020-10-14;19;4115562;4034994;4913708
2020-10-14;20;4178914;4173639;4976523
2020-10-14;21;4321530;4298749;4731031
2020-10-14;22;4102128;3898176;4311001
2020-10-14;23;3680887;3410283;3868675
2020-10-14;24;3197087;2870486;3405812
2020-10-15;1;2755367;2347119;3064728
2020-10-15;2;2475722;2012870;2828997
2020-10-15;3;2331111;1852976;2782397
2020-10-15;4;2252140;1808517;2818423
2020-10-15;5;2222273;1843083;2953262
2020-10-15;6;2268122;1962547;3154937
2020-10-15;7;2426107;2215659;3464033
2020-10-15;8;2743757;2629534;3722714
2020-10-15;9;3317884;3240937;3832108
2020-10-15;10;3482247;3493090;3875731
2020-10-15;11;3469319;3567387;3923792
2020-10-15;12;3502284;3649094;3834588
2020-10-15;13;3428086;3567960;3846702
2020-10-15;14;3406869;3473689;3937155
2020-10-15;15;3527962;3553612;4025318
2020-10-15;16;3635337;3603796;4324619
2020-10-15;17;3829738;3743330;4598065
2020-10-15;18;4019138;3925221;4782498
2020-10-15;19;4301366;4198409;4989661
2020-10-15;20;4341015;4344996;4928051
2020-10-15;21;4487222;4480047;4761695
2020-10-15;22;4273461;4090355;4298309
2020-10-15;23;3843719;3613144;3845786
2020-10-15;24;3345421;3082711;3367988
2020-10-16;1;2888185;2566384;3049578
2020-10-16;2;2594623;2236040;2850285
2020-10-16;3;2437635;2076367;2751794
2020-10-16;4;2349306;2028203;2757187
2020-10-16;5;2312431;2055224;2832432
2020-10-16;6;2351985;2163707;3125761
2020-10-16;7;2500379;2403087;3366350
2020-10-16;8;2824986;2801387;3662218
2020-10-16;9;3421758;3396413;3832696
2020-10-16;10;3605328;3632471;3885406
2020-10-16;11;3627773;3691981;3886442
2020-10-16;12;3699060;3761072;3853896
2020-10-16;13;3646771;3670111;3839336
2020-10-16;14;3620739;3569101;3883021
2020-10-16;15;3724796;3645315;4080233
2020-10-16;16;3817456;3694385;4244595
2020-10-16;17;3983154;3834613;4575228
2020-10-16;18;4154059;4017907;4827754
2020-10-16;19;4388455;4291880;4965704
2020-10-16;20;4358555;4437172;4947701
2020-10-16;21;4418882;4567372;4727788
2020-10-16;22;4177085;4167896;4295506
2020-10-16;23;3764170;3674812;3774415
2020-10-16;24;3314530;3121587;3398280
2020-10-17;1;2879240;2575128;3032839
2020-10-17;2;2586410;2207357;2793866
2020-10-17;3;2420447;2003498;2722477
2020-10-17;4;2326846;1905407;2710804
2020-10-17;5;2286704;1878213;2888077
2020-10-17;6;2301456;1930001;3071664
2020-10-17;7;2387465;2112272;3369987
2020-10-17;8;2601771;2455240;3625536
2020-10-17;9;2879422;2998902;3826959
2020-10-17;10;3101486;3189614;3846789
2020-10-17;11;3148636;3211571;3843487
2020-10-17;12;3202194;3252302;3839092
2020-10-17;13;3232894;3143104;3817279
2020-10-17;14;3157682;3034380;3881053
2020-10-17;15;3191018;3113256;3991934
2020-10-17;16;3208011;3174670;4282802
2020-10-17;17;3342591;3335732;4492465
2020-10-17;18;3576620;3546728;4792031
2020-10-17;19;3906173;3853313;4901763
2020-10-17;20;4207481;4033950;4866800
2020-10-17;21;4233775;4199945;4582163
2020-10-17;22;3939087;3834452;4242853
2020-10-17;23;3585243;3371415;3786533
2020-10-17;24;3194414;2842419;3310523
2020-10-18;1;2792547;2312812;2967483
2020-10-18;2;2503127;1953355;2725908
2020-10-18;3;2332326;1748540;2656960
2020-10-18;4;2238999;1639944;2673332
2020-10-18;5;2196207;1592871;2784189
2020-10-18;6;2199392;1616006;3027955
2020-10-18;7;2271885;1761841;3252171
2020-10-18;8;2436774;2061923;3572594
2020-10-18;9;2595748;2557869;3680508
2020-10-18;10;2731813;2697877;3762958
2020-10-18;11;2836038;2668156;3770279
2020-10-18;12;2916879;2658348;3695707
2020-10-18;13;2874340;2501913;3715427
2020-10-18;14;2657497;2351413;3749844
2020-10-18;15;2616740;2396070;3851998
2020-10-18;16;2620100;2432810;4120290
2020-10-18;17;2748919;2580567;4390198
2020-10-18;18;3028737;2791236;4614385
2020-10-18;19;3413982;3111808;4778067
2020-10-18;20;3809715;3321756;4716158
2020-10-18;21;4016544;3533013;4478668
2020-10-18;22;3781027;3228921;4108797
2020-10-18;23;3416235;2843127;3645900
2020-10-18;24;2965648;2406393;3165875
2020-10-19;1;2562816;1982697;2815773
2020-10-19;2;2308854;1740868;2597525
2020-10-19;3;2184613;1662935;2485152
2020-10-19;4;2123006;1687512;2514458
2020-10-19;5;2105253;1776515;2650871
2020-10-19;6;2161726;1934917;2883902
2020-10-19;7;2360692;2211298;3180431
2020-10-19;8;2713088;2633240;3432249
2020-10-19;9;3347640;3238500;3603475
2020-10-19;10;3537104;3471704;3680162
2020-10-19;11;3545500;3515937;3664427
2020-10-19;12;3566857;3558328;3629976
2020-10-19;13;3448823;3430578;3593517
2020-10-19;14;3395211;3284346;3621134
2020-10-19;15;3489547;3308884;3750060
2020-10-19;16;3551030;3302104;3994802
2020-10-19;17;3670293;3384859;4218147
2020-10-19;18;3765893;3511831;4474961
2020-10-19;19;3952817;3733548;4648227
2020-10-19;20;3966154;3833612;4607679
2020-10-19;21;4085778;3928487;4322944
2020-10-19;22;3803529;3506242;3934333
2020-10-19;23;3357344;3005218;3495140
2020-10-19;24;2893081;2460621;3038756
2020-10-20;1;2500455;1940417;2698246
2020-10-20;2;2261092;1616792;2506155
2020-10-20;3;2148678;1474350;2431405
2020-10-20;4;2093367;1453411;2443625
2020-10-20;5;2083563;1516670;2567886
2020-10-20;6;2139542;1668958;2799282
2020-10-20;7;2293621;1957840;3105539
2020-10-20;8;2611390;2409109;3422923
2020-10-20;9;3168797;3058089;3619973
2020-10-20;10;3318249;3346486;3661472
2020-10-20;11;3299865;3454157;3710322
2020-10-20;12;3280735;3564879;3624169
2020-10-20;13;3182917;3507048;3640488
2020-10-20;14;3127619;3429232;3695229
2020-10-20;15;3237009;3517932;3792721
2020-10-20;16;3354910;3568765;4040343
2020-10-20;17;3557124;3700810;4318309
2020-10-20;18;3747239;3867528;4569388
2020-10-20;19;4040474;4118782;4711549
2020-10-20;20;4077821;4238032;4693814
2020-10-20;21;4204132;4342069;4434975
2020-10-20;22;4020748;3919677;4093158
2020-10-20;23;3600687;3410216;3587831
2020-10-20;24;3118955;2850122;3131159
2020-10-21;1;2697001;2308717;2818617
2020-10-21;2;2428910;1959581;2603481
2020-10-21;3;2286989;1788690;2515975
2020-10-21;4;2215187;1737656;2551497
2020-10-21;5;2194895;1770354;2691195
2020-10-21;6;2247549;1892661;2940890
2020-10-21;7;2412322;2153047;3193700
2020-10-21;8;2730150;2578067;3490489
2020-10-21;9;3284494;3203683;3651436
2020-10-21;10;3418482;3472118;3767053
2020-10-21;11;3399634;3563642;3727487
2020-10-21;12;3405094;3662344;3708504
2020-10-21;13;3293850;3596837;3709318
2020-10-21;14;3290413;3515805;3730945
2020-10-21;15;3431694;3605756;3879085
2020-10-21;16;3535253;3662195;4108972
2020-10-21;17;3723308;3803949;4425545
2020-10-21;18;3926421;3984089;4669600
2020-10-21;19;4213656;4251934;4808713
2020-10-21;20;4278420;4390255;4786777
2020-10-21;21;4424321;4515020;4501364
2020-10-21;22;4199603;4114084;4153169
2020-10-21;23;3768256;3625807;3648534
2020-10-21;24;3272893;3085607;3220162
2020-10-22;1;2820625;2561816;2892907
2020-10-22;2;2534294;2227124;2686521
2020-10-22;3;2386197;2066768;2563633
2020-10-22;4;2305300;2021826;2582407
2020-10-22;5;2274665;2055890;2697804
2020-10-22;6;2321533;2174832;2927086
2020-10-22;7;2483167;2427403;3235640
2020-10-22;8;2808210;2840718;3487164
2020-10-22;9;3395724;3451541;3677768
2020-10-22;10;3563842;3703095;3762661
2020-10-22;11;3550505;3776774;3736577
2020-10-22;12;3584139;3857843;3701289
2020-10-22;13;3508100;3776053;3631667
2020-10-22;14;3486286;3681107;3699780
2020-10-22;15;3610088;3760336;3849959
2020-10-22;16;3719851;3809806;4101523
2020-10-22;17;3918646;3948608;4422864
2020-10-22;18;4112317;4129749;4629514
2020-10-22;19;4400946;4402168;4763458
2020-10-22;20;4441373;4547967;4777204
2020-10-22;21;4590806;4682213;4553137
2020-10-22;22;4371972;4291697;4127522
2020-10-22;23;3932190;3813643;3647807
2020-10-22;24;3422311;3282349;3262982
2020-10-23;1;2954464;2765144;2873071
2020-10-23;2;2654077;2433904;2637272
2020-10-23;3;2493403;2273317;2512015
2020-10-23;4;2402972;2224221;2536640
2020-10-23;5;2365169;2250293;2689328
2020-10-23;6;2405541;2357809;2891566
2020-10-23;7;2557221;2596205;3165031
2020-10-23;8;2889103;2993504;3427772
2020-10-23;9;3499289;3587512;3627885
2020-10-23;10;3686885;3822535;3707731
2020-10-23;11;3709698;3880993;3691223
2020-10-23;12;3782457;3949015;3668563
2020-10-23;13;3728848;3856969;3625985
2020-10-23;14;3702093;3754857;3684474
2020-10-23;15;3808338;3829954;3814708
2020-10-23;16;3902928;3877890;4046793
2020-10-23;17;4072176;4016968;4306127
2020-10-23;18;4246738;4199096;4569415
2020-10-23;19;4486187;4471887;4711272
2020-10-23;20;4455448;4615982;4715422
2020-10-23;21;4516933;4744970;4505199
2020-10-23;22;4269606;4344266;4100469
2020-10-23;23;3847388;3849939;3651116
2020-10-23;24;3387672;3295456;3159936
2020-10-24;1;2942653;2747724;2848115
2020-10-24;2;2643266;2378666;2555665
2020-10-24;3;2473551;2173506;2496790
2020-10-24;4;2377798;2074098;2503301
2020-10-24;5;2336678;2045573;2659146
2020-10-24;6;2351654;2096017;2867454
2020-10-24;7;2439433;2276930;3105256
2020-10-24;8;2658291;2618527;3368807
2020-10-24;9;2941844;3160804;3544346
2020-10-24;10;3168585;3350117;3625897
2020-10-24;11;3216613;3370663;3621834
2020-10-24;12;3271187;3409969;3552636
2020-10-24;13;3302402;3299333;3575599
2020-10-24;14;3225433;3189160;3670283
2020-10-24;15;3259338;3266573;3764457
2020-10-24;16;3276553;3326513;4025366
2020-10-24;17;3413855;3486088;4247801
2020-10-24;18;3652714;3695586;4512475
2020-10-24;19;3989098;4000661;4686636
2020-10-24;20;4296611;4179777;4656797
2020-10-24;21;4323266;4344239;4432212
2020-10-24;22;4022171;3977202;4055333
2020-10-24;23;3660695;3512611;3641390
2020-10-24;24;3261493;2982048;3217190
2020-10-25;1;2851054;2450866;2822825
2020-10-25;2;2555453;2089823;2553504
2020-10-25;3;2380970;1883411;2469998
2020-10-25;4;2285590;1773210;2482322
2020-10-25;5;2241801;1724521;2598363
2020-10-25;6;2244948;1746031;2777961
2020-10-25;7;2318830;1890231;3039728
2020-10-25;8;2487009;2188670;3320082
2020-10-25;9;2649132;2682964;3456325
2020-10-25;10;2787864;2821311;3532564
2020-10-25;11;2894087;2789921;3557820
2020-10-25;12;2976441;2778436;3475289
2020-10-25;13;2932894;2620315;3477166
2020-10-25;14;2711509;2468122;3527205
2020-10-25;15;2669795;2511079;3654249
2020-10-25;16;2673095;2546111;3904790
2020-10-25;17;2804384;2692153;4154531
2020-10-25;18;3089700;2901100;4374896
2020-10-25;19;3482527;3219944;4552488
2020-10-25;20;3886016;3428157;4504557
2020-10-25;21;4096785;3637673;4251683
2020-10-25;22;3856380;3331834;3900979
2020-10-25;23;3484147;2944288;3420421
2020-10-25;24;3024457;2505795;2996995
2020-10-26;1;2613508;2080336;2682908
2020-10-26;2;2354408;1836738;2458889
2020-10-26;3;2227605;1757032;2369797
2020-10-26;4;2164680;1779831;2367728
2020-10-26;5;2146473;1867052;2528807
2020-10-26;6;2203943;2023669;2713422
2020-10-26;7;2406673;2298260;2990422
2020-10-26;8;2765797;2718407;3239276
2020-10-26;9;3412505;3321870;3394943
2020-10-26;10;3605465;3553274;3468582
2020-10-26;11;3613843;3595704;3474573
2020-10-26;12;3635435;3636289;3428725
2020-10-26;13;3514959;3506731;3399526
2020-10-26;14;3460151;3358689;3422790
2020-10-26;15;3556116;3381415;3557206
2020-10-26;16;3618596;3372820;3793111
2020-10-26;17;3739945;3453760;4066118
2020-10-26;18;3837172;3578915;4302892
2020-10-26;19;4027435;3798815;4472352
2020-10-26;20;4040828;3897060;4394709
2020-10-26;21;4162500;3990116;4223282
2020-10-26;22;3874767;3566052;3845119
2020-10-26;23;3420059;3063209;3402953
2020-10-26;24;2946982;2516793;2915372
2020-10-27;1;2546916;1994770;2602519
2020-10-27;2;2302995;1669327;2437809
2020-10-27;3;2188390;1525069;2315484
2020-10-27;4;2131955;1502315;2321808
2020-10-27;5;2121868;1563759;2460930
2020-10-27;6;2178772;1714235;2721896
2020-10-27;7;2335562;2001307;3020168
2020-10-27;8;2659016;2450768;3250248
2020-10-27;9;3226434;3097942;3459788
2020-10-27;10;3378446;3384536;3503308
2020-10-27;11;3359568;3490407;3520044
2020-10-27;12;3339936;3599332;3471713
2020-10-27;13;3240200;3539708;3503707
2020-10-27;14;3183759;3460101;3521963
2020-10-27;15;3294957;3547016;3649726
2020-10-27;16;3414812;3596068;3881249
2020-10-27;17;3620469;3726335;4127371
2020-10-27;18;3813794;3891281;4379802
2020-10-27;19;4112049;4140767;4553182
2020-10-27;20;4149870;4258255;4503621
2020-10-27;21;4278218;4360535;4327480
2020-10-27;22;4091420;3936391;3955747
2020-10-27;23;3663811;3425184;3454853
2020-10-27;24;3173494;2863351;3050049
2020-10-28;1;2744040;2320213;2724856
2020-10-28;2;2471165;1969350;2501609
2020-10-28;3;2326673;1796740;2420297
2020-10-28;4;2253528;1743993;2408395
2020-10-28;5;2232788;1774986;2531870
2020-10-28;6;2286253;1895595;2727825
2020-10-28;7;2453759;2154291;3064350
2020-10-28;8;2776931;2577629;3330974
2020-10-28;9;3340632;3201572;3450023
2020-10-28;10;3476767;3468342;3564127
2020-10-28;11;3457455;3558210;3541871
2020-10-28;12;3462868;3655265;3534808
2020-10-28;13;3349601;3588120;3555295
2020-10-28;14;3345973;3505459;3563800
2020-10-28;15;3489500;3593792;3676561
2020-10-28;16;3594663;3648621;3883083
2020-10-28;17;3785730;3788777;4166564
2020-10-28;18;3992096;3967328;4385150
2020-10-28;19;4283971;4233596;4554699
2020-10-28;20;4349654;4370350;4567984
2020-10-28;21;4497816;4493559;4346982
2020-10-28;22;4269210;4091078;4031805
2020-10-28;23;3830573;3601269;3541121
2020-10-28;24;3326900;3059547;3102537
2020-10-29;1;2867067;2534247;2800329
2020-10-29;2;2575931;2198058;2579032
2020-10-29;3;2425317;2036217;2483139
2020-10-29;4;2343015;1989803;2479306
2020-10-29;5;2311801;2022408;2551932
2020-10-29;6;2359357;2139905;2823968
2020-10-29;7;2523542;2391043;3084919
2020-10-29;8;2853779;2802938;3359030
2020-10-29;9;3450717;3412356;3498903
2020-10-29;10;3621447;3662518;3550938
2020-10-29;11;3607784;3734819;3543134
2020-10-29;12;3641853;3814525;3489451
2020-10-29;13;3564486;3731387;3547536
2020-10-29;14;3542220;3635106;3563034
2020-10-29;15;3667905;3713016;3711814
2020-10-29;16;3779323;3761183;3891450
2020-10-29;17;3981188;3898696;4165922
2020-10-29;18;4177842;4078564;4384458
2020-10-29;19;4470953;4349726;4572956
2020-10-29;20;4511912;4494284;4551701
2020-10-29;21;4663604;4627305;4313524
2020-10-29;22;4441195;4235580;3997679
2020-10-29;23;3994357;3756334;3564933
2020-10-29;24;3476339;3223865;3095153
2020-10-30;1;3001040;2705501;2763930
2020-10-30;2;2695861;2373119;2561796
2020-10-30;3;2532606;2211408;2468324
2020-10-30;4;2440705;2161205;2482238
2020-10-30;5;2402262;2186187;2583815
2020-10-30;6;2443223;2292632;2797940
2020-10-30;7;2597232;2529975;3047207
2020-10-30;8;2934258;2926239;3304870
2020-10-30;9;3553922;3519229;3517812
2020-10-30;10;3744390;3753254;3521096
2020-10-30;11;3767502;3810732;3553045
2020-10-30;12;3841342;3877793;3527215
2020-10-30;13;3786847;3784805;3511924
2020-10-30;14;3759630;3681770;3509231
2020-10-30;15;3867482;3755963;3672441
2020-10-30;16;3963498;3803015;3899257
2020-10-30;17;4135330;3941228;4105307
2020-10-30;18;4312560;4122512;4375103
2020-10-30;19;4555681;4394478;4555519
2020-10-30;20;4524432;4537768;4556134
2020-10-30;21;4586838;4665972;4358484
2020-10-30;22;4335658;4264503;3984820
2020-10-30;23;3906887;3769433;3534362
2020-10-30;24;3440048;3214226;3086821
2020-10-31;1;2988138;2665792;2716610
2020-10-31;2;2684116;2296052;2537440
2020-10-31;3;2511774;2090232;2508344
2020-10-31;4;2414540;1990185;2469461
2020-10-31;5;2372784;1961042;2556296
2020-10-31;6;2387994;2010890;2703488
2020-10-31;7;2477134;2191227;3027192
2020-10-31;8;2699382;2532271;3255329
2020-10-31;9;2987328;3074016;3446413
2020-10-31;10;3217590;3262819;3473206
2020-10-31;11;3266378;3282877;3498687
2020-10-31;12;3321819;3321718;3488016
2020-10-31;13;3353541;3210639;3485342
2020-10-31;14;3275408;3100044;3473033
2020-10-31;15;3309869;3177059;3633205
2020-10-31;16;3327386;3236622;3848548
2020-10-31;17;3466857;3395844;4109970
2020-10-31;18;3709471;3605011;4386098
2020-10-31;19;4051135;3909778;4502131
2020-10-31;20;4363494;4088608;4521599
2020-10-31;21;4390630;4252808;4287393
2020-10-31;22;4084912;3885532;3909556
2020-10-31;23;3717861;3420725;3475487
2020-10-31;24;3312486;2889970;3096922
